Time;Perf_Time;Action
09:11:47;2922593.986809204;H
09:11:48;2922594.113325188;i
09:11:48;2922594.394810681;SPACE
09:11:49;2922595.147233102;L
09:11:49;2922595.351230269;e
09:11:49;2922595.434013998;n
09:11:49;2922595.599341442;a
09:11:50;2922596.390289866;,
09:11:50;2922596.872326742;SPACE
09:11:51;2922597.360884804;i
09:11:51;2922597.569006464;I
09:11:51;2922597.58555071;SPACE
09:11:51;2922597.72024997;w
09:11:51;2922597.815085017;i
09:11:52;2922598.591687347;s
09:11:52;2922598.668046247;h
09:11:53;2922599.128517304;SPACE
09:11:53;2922599.836042417;you
09:11:53;2922599.849069998;SPACE
09:11:54;2922600.148367608;a
09:11:54;2922600.232660482;l
09:11:54;2922600.377712673;l
09:11:54;2922600.608022875;SPACE
09:11:55;2922601.423544684;the
09:11:55;2922601.438434256;SPACE
09:11:55;2922602.002130149;best
09:11:56;2922602.018622125;SPACE
09:11:58;2922604.031742438;BACK
09:12:01;2922607.50025465;
09:12:04;2922610.663806454;
09:12:09;2922615.1248752;SPACE
09:12:09;2922615.565734738;f
09:12:09;2922615.682142955;o
09:12:09;2922615.831720946;r
09:12:09;2922615.965034448;SPACE
09:12:10;2922616.95225928;you
09:12:10;2922616.982424017;SPACE
09:12:11;2922617.260805773;BACK
09:12:12;2922618.219969862;r
09:12:12;2922618.234873919;SPACE
09:12:13;2922619.118801153;b
09:12:13;2922619.417224439;i
09:12:13;2922619.610935401;r
09:12:14;2922620.667755326;thday
09:12:14;2922620.694170131;SPACE
09:12:16;2922622.68817169;BACK
09:12:20;2922626.082762546; !
09:12:36;2922642.076914347;i
09:12:36;2922642.348126608;SPACE
09:12:36;2922642.825665055;BACK
09:12:36;2922642.940130144;BACK
09:12:37;2922643.321504062;SPACE
09:12:37;2922643.85560427;I
09:12:38;2922644.111814657;SPACE
09:12:38;2922644.287843057;h
09:12:38;2922644.497166834;o
09:12:38;2922644.653064065;p
09:12:38;2922644.825509495;e
09:12:39;2922645.100743455;SPACE
09:12:39;2922645.769038381;you
09:12:39;2922645.788587178;SPACE
09:12:40;2922646.223461342;r
09:12:40;2922646.384117724;e
09:12:40;2922646.944361563;BACK
09:12:41;2922647.086524769;BACK
09:12:41;2922647.497637968;a
09:12:41;2922647.708626858;r
09:12:41;2922647.877569171;e
09:12:41;2922647.924823083;SPACE
09:12:42;2922648.140607878;h
09:12:42;2922648.276139045;a
09:12:42;2922648.337846022;v
09:12:42;2922648.565960102;i
09:12:43;2922649.239125749;ng
09:12:43;2922649.264222822;SPACE
09:12:45;2922651.274387368;BACK
09:12:51;2922657.367670224; a wonderful time and I will see you soon.
09:12:56;2922662.463037477; Cheers to the birthday girl!
